Email,Age,Gender,Country,Name,Job Title,Social Media Profile,Interests,Recent Activities,Affiliations,Contact Number
rpatrick@example.com,58,Other,Ireland,Ashley Stevenson,Electronics engineer,bridgeskevin,Music,Watching travel vlogs from around the world.,Sanchez Ltd,(282)778-8543x698
darryldavis@example.com,22,Other,Kazakhstan,Emily Calderon,"Horticulturist, commercial",andrewprice,Hiking,Reading personal finance articles.,Bennett-Smith,694-321-2081x244
hpatrick@example.com,58,Other,Korea,Daniel Sanders,Warden/ranger,nfowler,Cooking,Checking reviews and comparisons for tech gadgets.,Garcia LLC,001-509-687-5943x0702
caitlinsmith@example.org,50,Male,Guinea-Bissau,Lisa Lewis,"Designer, blown glass/stained glass",ashley89,Traveling,Checking reviews and comparisons for tech gadgets.,Lopez-Jones,(246)763-7767x35566
fordalyssa@example.net,60,Other,Holy See (Vatican City State),Michael Wilson,Gaffer,jwashington,Reading,Researching historical events on Wikipedia.,Johnson-Johnson,001-449-241-9747x5977
washingtonalison@example.net,68,Other,Georgia,Alyssa Salas,Bonds trader,mark70,Gaming,Reading online reviews for a new restaurant in the area.,George-Chapman,(555)251-3619x0233
usweeney@example.org,54,Other,Cape Verde,Adrian Daniels,"Production assistant, radio",weberashley,Cooking,Planning a weekend getaway itinerary.,Obrien-Spence,001-693-979-3945x68018
fscott@example.net,26,Other,Equatorial Guinea,Laura Johnson,Chief Executive Officer,dennismoore,Traveling,Reading fashion blogs for outfit inspiration.,"Lopez, Burke and Morales",220.474.5513
dannyhiggins@example.com,58,Female,Gabon,Scott Smith,"Physicist, medical",jody68,Sports,Exploring virtual reality experiences.,Johnson Group,(422)891-4721
usherman@example.org,35,Female,Qatar,Sarah Howell,Geophysical data processor,robertsnicholas,Traveling,Researching home decor and interior design ideas.,Morales Ltd,+1-507-654-8284x510
howardryan@example.net,68,Male,Pakistan,Brian Stevenson,Mudlogger,woodardalbert,Photography,Reading online reviews for a new restaurant in the area.,Ramirez-Cain,(396)601-9642
michael98@example.net,46,Female,Dominican Republic,Steven Potts,Press sub,ajackson,Gaming,Watching TED Talks on various topics.,Thomas Ltd,001-591-293-8644x738
joshuaclark@example.net,27,Other,Gibraltar,Ashley Orozco,Printmaker,tarawalker,Reading,Exploring virtual reality experiences.,"Murray, Dixon and Brown",786.778.4289x5806
kellychen@example.org,20,Other,Tanzania,April Griffin,"Buyer, industrial",grobinson,Cooking,Planning a weekend getaway itinerary.,"Rodriguez, Buckley and Dodson",+1-770-400-7150
jonathan44@example.org,19,Other,Switzerland,Stephanie Bailey,Community development worker,ocameron,Cooking,Exploring virtual museum tours.,"Valdez, Smith and Stein",(341)769-0302x8955
vmartin@example.com,30,Male,Gibraltar,Roy Clayton,Fine artist,soniasmith,Gardening,Learning a new recipe from a cooking blog.,"Kelly, Powers and Peterson",492-961-9560x24719
ijennings@example.com,24,Other,Belgium,John Ross,"Therapist, sports",faithdavis,Reading,Researching home decor and interior design ideas.,Olson-Thomas,+1-557-629-0373
suzannerios@example.com,58,Male,Venezuela,Karen Gray,Interpreter,lawsoncheryl,Traveling,Watching travel vlogs from around the world.,Jones PLC,542-669-5715
thomaskenneth@example.org,38,Male,United States Minor Outlying Islands,Jasmine Washington,Sub,rodriguezashlee,Reading,Reading personal finance articles.,"Miller, Bowers and Valdez",(236)881-5091
stevemoss@example.org,70,Other,Iceland,Alexander Wright,Theme park manager,sandovaljennifer,Gaming,Reading about the latest trends in fashion.,Ross Inc,(562)741-7940x6007
leedennis@example.com,23,Other,Iran,Allen Johnson,"Engineer, manufacturing systems",qjohnson,Cooking,Shopping for furniture online.,"Patton, Moreno and Garcia",336-217-2914x50274
owelch@example.com,64,Male,Norfolk Island,Ashley Snyder,Amenity horticulturist,brianhurst,Hiking,Researching home decor and interior design ideas.,"Mitchell, Miller and Williams",001-585-385-4080x886
davidingram@example.net,64,Male,Belarus,Nicole Anderson DVM,Editorial assistant,rmccullough,Cooking,Reading about space exploration and astronomy.,Wilson and Sons,706-699-8310
austin33@example.net,45,Female,Palestinian Territory,Michaela Ortiz,Occupational hygienist,lingram,Music,Researching health tips and fitness routines.,"Mahoney, Smith and Rasmussen",243.783.4430x6500
zwilson@example.net,29,Other,Nepal,Jason King,Publishing copy,luke09,Cooking,Researching historical events on Wikipedia.,Fox-Anderson,928.245.4106
masondavid@example.org,56,Female,Cook Islands,Paul Irwin,Adult nurse,houstonjoseph,Gardening,Watching tutorial videos on a programming language.,Erickson-Bass,001-820-261-9888x89684
jennifersanchez@example.com,39,Female,Samoa,Bridget Davis,Ergonomist,troyortiz,Hiking,Watching documentaries on historical events.,Cobb LLC,+1-552-606-5922x5804
james25@example.net,62,Other,Martinique,Renee Cruz,Insurance underwriter,edwardseric,Reading,Researching political candidates and policies.,Mcbride Group,980-476-3251
casey04@example.com,49,Female,Belgium,Antonio Pham,Homeopath,paul89,Gaming,Exploring online courses on a new skill.,Hernandez-Coleman,213.822.3396
mitchellwilson@example.com,31,Female,Kazakhstan,Lawrence Crane,"Civil engineer, contracting",smithcarol,Traveling,Checking sports scores and updates.,"Mccullough, Chen and Ryan",(598)800-9845
santosderrick@example.com,58,Female,Turks and Caicos Islands,Patrick Jacobs,"Engineer, maintenance (IT)",bruce29,Cooking,Watching TED Talks on various topics.,Orozco-Chapman,352.410.8511
troyramos@example.org,31,Male,Micronesia,Isaac Fletcher II,Ship broker,caseycarrillo,Gardening,Exploring virtual museum tours.,Wells-Ellis,+1-528-835-6720x156
charles54@example.net,45,Other,Germany,Angel Mercado,Seismic interpreter,scott83,Photography,Researching gardening tips and plant care.,"Campbell, Hull and Williams",(345)735-2688x51887
nguyenemily@example.net,70,Female,Croatia,Christopher Noble,Licensed conveyancer,rodriguezangela,Cooking,Researching political candidates and policies.,Randall Inc,263-825-5609x64059
richard14@example.org,60,Other,Congo,Kyle Bonilla,"Designer, textile",torresbrittany,Traveling,Exploring virtual tours of national parks.,Gilbert Inc,(899)817-7642
laurencastillo@example.com,28,Male,Tunisia,Sherry Morris,"Engineer, technical sales",rjames,Photography,Watching funny cat videos on YouTube.,Potter-Collins,(735)647-0230x01202
henry97@example.org,43,Other,Senegal,Ruth Powell,Radio producer,james37,Music,Watching interviews with celebrities or experts.,"Griffin, Gould and Phillips",493-320-5312x705
jamestracy@example.org,20,Female,Palestinian Territory,Gene Hill,Consulting civil engineer,cynthia95,Sports,Researching historical events on Wikipedia.,"Santana, Bautista and Mcmahon",+1-742-485-5266x31467
jenniferthomas@example.org,40,Female,Serbia,Kenneth Rice,Accommodation manager,john97,Gaming,Exploring DIY home improvement projects.,Schroeder-Wright,499-671-4366
andreapope@example.com,42,Other,Indonesia,Amber Roberts,Hotel manager,alexanderanderson,Traveling,Reading book summaries and reviews.,"Tyler, Smith and Richardson",539-529-8269x0192
