Email,Age,Gender,Country,Name,Job Title,Social Media Profile,Interests,Recent Activities,Affiliations,Contact Number
maurice26@example.org,38,Female,Ireland,Robert Tucker,Chief Strategy Officer,vtaylor,Traveling,Exploring virtual tours of national parks.,Mueller-Hatfield,+1-370-911-9310x730
sfoster@example.org,46,Female,Algeria,Tabitha Schwartz,Investment analyst,erikapierce,Photography,Reading about the latest trends in fashion.,Salazar Inc,001-927-245-9584x9981
carrcarol@example.org,32,Other,Honduras,Rebecca Williams,Structural engineer,wilsontravis,Cooking,Reading personal finance articles.,May-King,885.408.2343
courtneyallen@example.net,41,Female,Tanzania,Nicholas Davidson,Airline pilot,tjohnson,Reading,Planning a weekend getaway itinerary.,"Thompson, Larson and Braun",620-499-2590x246
leediane@example.com,22,Male,Botswana,James Cortez,Charity officer,kanderson,Gaming,Exploring virtual museum tours.,"Garrett, Anderson and Clements",311-753-8041
holly67@example.org,56,Male,Kazakhstan,John Schroeder,Marine scientist,emilymarks,Gaming,Reading news articles on current events.,Cruz and Sons,+1-787-424-5090x05744
montgomerykristin@example.org,33,Other,Pitcairn Islands,Michelle Leonard,Medical sales representative,vasquezchristine,Music,Checking sports scores and updates.,Clark-Williams,+1-363-595-2281x2634
conradmichelle@example.org,68,Other,Thailand,Kristen Rubio,Textile designer,scott62,Cooking,Reading fashion blogs for outfit inspiration.,Dalton-Oconnell,256.552.6653x06544
khicks@example.org,59,Other,Bermuda,Lindsay Liu,"Loss adjuster, chartered",arthur22,Gardening,Watching travel vlogs from around the world.,"Wilson, Cherry and Escobar",(737)518-6032
lancesantana@example.net,49,Other,Saint Helena,Monica Griffith,"Engineer, biomedical",campbelldavid,Music,Exploring DIY home improvement projects.,Smith LLC,+1-343-828-5399x92049
bradley96@example.com,43,Other,Ghana,Raven Salazar,Geophysical data processor,fernandomcpherson,Reading,Exploring virtual tours of national parks.,Bryant LLC,4827414362
fuentesscott@example.net,23,Male,Libyan Arab Jamahiriya,Mr. Phillip Hudson,"Development worker, international aid",samuelmarks,Reading,Exploring job openings on career websites.,"Garcia, Brown and Patel",+1-524-634-7688x8392
courtneyrhodes@example.com,32,Female,Estonia,Samuel Mccoy,Land,wongnatalie,Traveling,Exploring new music releases and artists.,Kelly-Peterson,5525528894
cantrellcrystal@example.com,48,Other,Swaziland,Paul Wyatt,Educational psychologist,luis37,Hiking,Reading news articles on current events.,"Miller, Welch and Cole",218.260.2827x6162
sanchezvictor@example.com,57,Other,Vanuatu,David Branch,Oceanographer,phyllispatton,Music,Reading about space exploration and astronomy.,Eaton Ltd,001-353-821-5141x5965
twhite@example.org,35,Female,Azerbaijan,Ryan Nunez,"Programmer, multimedia",adamsjessica,Hiking,Watching funny cat videos on YouTube.,Palmer Ltd,517.513.3113x1972
ryan25@example.net,60,Other,Austria,Jennifer Cabrera,Music therapist,riverajasmine,Reading,Exploring photography tips and techniques.,Hicks Group,(542)871-3994x79498
howekellie@example.org,45,Other,Tokelau,Joseph Browning,Art gallery manager,lgraham,Cooking,Reading about the latest trends in fashion.,Woods Group,001-499-566-9240
ksmith@example.com,44,Other,Marshall Islands,Anita Johnson,Haematologist,ulopez,Gaming,Checking reviews and comparisons for tech gadgets.,Santana Ltd,555.226.3338
bsloan@example.net,30,Female,Yemen,Robin Chambers,"Research officer, government",joshua65,Traveling,Reading online reviews for a new restaurant in the area.,"Thomas, Peterson and Martin",(845)244-7762
jasonharrison@example.net,46,Female,Greenland,Lori Myers,Senior tax professional/tax inspector,jennifer61,Music,Planning a weekend getaway itinerary.,Williams-Larsen,371.381.0697x0878
owise@example.net,25,Female,Namibia,Robert Wallace,Architectural technologist,jessica27,Hiking,Exploring job openings on career websites.,Wallace-Flores,2013781045
ashley19@example.net,37,Male,Australia,Kyle Aguilar,Occupational therapist,carrie60,Hiking,Reading about the latest trends in fashion.,"Booth, Lee and Maynard",001-809-895-6073x238
mckaymichelle@example.org,54,Male,Belize,Jay Watson,Audiological scientist,james63,Sports,Researching historical events on Wikipedia.,"Armstrong, Hale and Spencer",+1-262-850-2562x58857
skim@example.org,50,Other,Niue,Brian Woods,"Designer, interior/spatial",erikmurphy,Sports,Checking social media updates from friends and family.,Thompson-Perez,263-826-9899x780
jonesjordan@example.org,46,Female,Puerto Rico,Ronald Carroll,Adult guidance worker,ashleybobby,Traveling,Watching travel vlogs from around the world.,Castro-Collins,001-402-614-3597x97352
fergusonmaria@example.net,28,Female,Argentina,John Gardner,Dispensing optician,michael46,Photography,Watching travel vlogs from around the world.,Bailey-Castro,(460)665-6825
jose64@example.org,48,Other,South Georgia and the South Sandwich Islands,Amy Rodriguez,Intelligence analyst,hudsonlori,Cooking,Exploring online courses on a new skill.,Harvey-Austin,383-379-0293
brandonjackson@example.net,62,Female,Argentina,Paul Boyd,Clinical embryologist,mcbridesarah,Photography,Researching pet care and training tips.,Le Group,255-984-6861x504
frank45@example.com,64,Female,Mayotte,Cody Clements,Local government officer,psanders,Photography,Reading news articles on current events.,Cox Inc,244.914.6733x60332
bcain@example.net,25,Other,Thailand,Christine Gonzalez,Clinical research associate,martingallagher,Cooking,Exploring photography tips and techniques.,"Murphy, Gomez and Ware",569-350-7876
cindywaters@example.com,32,Male,Mali,Daniel Fletcher,Herpetologist,valentinedaniel,Cooking,Reading product reviews before making a purchase.,Patterson LLC,(823)805-9207x28393
james33@example.com,23,Female,Algeria,Desiree Hunt,Medical physicist,robertskathryn,Reading,Watching tutorial videos on a programming language.,"Andersen, Farrell and Jensen",+1-470-568-8645x588
llindsey@example.net,52,Other,Turks and Caicos Islands,Todd Johnson,Visual merchandiser,mathew37,Traveling,Researching sustainable living practices.,"Rodriguez, Hoffman and Cook",891.758.4524x006
rodriguezjulie@example.com,34,Female,Ecuador,Tyler Boyer,"Surveyor, mining",nicolerhodes,Reading,Reading news articles on current events.,Ball PLC,294-653-2397
baileylisa@example.net,20,Other,Oman,John Brown,Radio broadcast assistant,zbell,Cooking,Researching pet care and training tips.,Newton-Richardson,765-657-2009
matthewbrennan@example.com,27,Other,Mauritius,Tammy Cooke,Press photographer,teresajohnson,Gaming,Reading fashion blogs for outfit inspiration.,Williams Group,(879)948-7766x3363
melaniechandler@example.com,56,Male,Ethiopia,Heather Romero,Chartered management accountant,joefigueroa,Reading,Researching home decor and interior design ideas.,"Medina, David and Adams",+1-564-445-1253x24685
joysanchez@example.net,68,Male,Gibraltar,Alexander Robbins,Cytogeneticist,gjames,Hiking,Checking reviews and comparisons for tech gadgets.,Roberts PLC,(591)517-1584x8315
rchandler@example.net,37,Female,Qatar,Steve Nelson,Chartered management accountant,richard98,Cooking,Reading book summaries and reviews.,"Cole, Martin and Gonzalez",+1-539-270-3002x577
